"ID","SENSOR_NAME","READING","UNIT"
1314,"ESP32-S3-METRO",25,"Celsius"
1313,"ESP32-S3-METRO",25,"Celsius"
1312,"ESP32-S3-METRO",25,"Celsius"
1311,"ESP32-S3-METRO",25,"Celsius"
1310,"ESP32-S3-METRO",25,"Celsius"
1309,"ESP32-S3-METRO",25,"Celsius"
1308,"ESP32-S3-METRO",25,"Celsius"
1307,"ESP32-S3-METRO",25,"Celsius"
1306,"ESP32-S3-METRO",25,"Celsius"
1305,"ESP32-S3-METRO",25,"Celsius"
1304,"ESP32-S3-METRO",25,"Celsius"
1303,"ESP32-S3-METRO",25,"Celsius"
1302,"ESP32-S3-METRO",25,"Celsius"
1301,"ESP32-S3-METRO",25,"Celsius"
1300,"ESP32-S3-METRO",25,"Celsius"
1299,"ESP32-S3-METRO",25,"Celsius"
1298,"ESP32-S3-METRO",25,"Celsius"
1297,"ESP32-S3-METRO",25,"Celsius"
1296,"ESP32-S3-METRO",25,"Celsius"
1295,"ESP32-S3-METRO",25,"Celsius"
1294,"ESP32-S3-METRO",25,"Celsius"
1293,"ESP32-S3-METRO",25,"Celsius"
1292,"ESP32-S3-METRO",25,"Celsius"
1291,"ESP32-S3-METRO",25,"Celsius"
1290,"ESP32-S3-METRO",25,"Celsius"
1289,"ESP32-S3-METRO",25,"Celsius"
1288,"ESP32-S3-METRO",25,"Celsius"
1287,"ESP32-S3-METRO",25,"Celsius"
1286,"ESP32-S3-METRO",25,"Celsius"
1285,"ESP32-S3-METRO",25,"Celsius"
1284,"ESP32-S3-METRO",25,"Celsius"
1283,"ESP32-S3-METRO",25,"Celsius"
1282,"ESP32-S3-METRO",25,"Celsius"
1281,"ESP32-S3-METRO",25,"Celsius"
1280,"ESP32-S3-METRO",25,"Celsius"
1279,"ESP32-S3-METRO",25,"Celsius"
1278,"ESP32-S3-METRO",25,"Celsius"
1277,"ESP32-S3-METRO",25,"Celsius"
1276,"ESP32-S3-METRO",25,"Celsius"
1275,"ESP32-S3-METRO",25,"Celsius"
1274,"ESP32-S3-METRO",25,"Celsius"
1273,"ESP32-S3-METRO",25,"Celsius"
1272,"ESP32-S3-METRO",25,"Celsius"
1271,"ESP32-S3-METRO",25,"Celsius"
1270,"ESP32-S3-METRO",25,"Celsius"
1269,"ESP32-S3-METRO",25,"Celsius"
1268,"ESP32-S3-METRO",25,"Celsius"
1267,"ESP32-S3-METRO",25,"Celsius"
1266,"ESP32-S3-METRO",25,"Celsius"
1265,"ESP32-S3-METRO",25,"Celsius"
1264,"ESP32-S3-METRO",25,"Celsius"
1263,"ESP32-S3-METRO",25,"Celsius"
1262,"ESP32-S3-METRO",25,"Celsius"
1261,"ESP32-S3-METRO",25,"Celsius"
1260,"ESP32-S3-METRO",25,"Celsius"
1259,"ESP32-S3-METRO",25,"Celsius"
1258,"ESP32-S3-METRO",25,"Celsius"
1257,"ESP32-S3-METRO",25,"Celsius"
1256,"ESP32-S3-METRO",25,"Celsius"
1255,"ESP32-S3-METRO",25,"Celsius"
1254,"ESP32-S3-METRO",25,"Celsius"
1253,"ESP32-S3-METRO",25,"Celsius"
1252,"ESP32-S3-METRO",25,"Celsius"
1251,"ESP32-S3-METRO",25,"Celsius"
1250,"ESP32-S3-METRO",25,"Celsius"
1249,"ESP32-S3-METRO",25,"Celsius"
1248,"ESP32-S3-METRO",25,"Celsius"
1247,"ESP32-S3-METRO",25,"Celsius"
1246,"ESP32-S3-METRO",25,"Celsius"
1245,"ESP32-S3-METRO",25,"Celsius"
1244,"ESP32-S3-METRO",25,"Celsius"
1243,"ESP32-S3-METRO",25,"Celsius"
1242,"ESP32-S3-METRO",25,"Celsius"
1241,"ESP32-S3-METRO",25,"Celsius"
1240,"ESP32-S3-METRO",25,"Celsius"
1239,"ESP32-S3-METRO",25,"Celsius"
1238,"ESP32-S3-METRO",25,"Celsius"
1237,"ESP32-S3-METRO",25,"Celsius"
1236,"ESP32-S3-METRO",25,"Celsius"
1235,"ESP32-S3-METRO",25,"Celsius"
1234,"ESP32-S3-METRO",25,"Celsius"
1233,"ESP32-S3-METRO",25,"Celsius"
1232,"ESP32-S3-METRO",25,"Celsius"
1231,"ESP32-S3-METRO",25,"Celsius"
1230,"ESP32-S3-METRO",25,"Celsius"
1229,"ESP32-S3-METRO",25,"Celsius"
1228,"ESP32-S3-METRO",25,"Celsius"
1227,"ESP32-S3-METRO",25,"Celsius"
1226,"ESP32-S3-METRO",25,"Celsius"
1225,"ESP32-S3-METRO",25,"Celsius"
1224,"ESP32-S3-METRO",25,"Celsius"
1223,"ESP32-S3-METRO",25,"Celsius"
1222,"ESP32-S3-METRO",25,"Celsius"
1221,"ESP32-S3-METRO",25,"Celsius"
1220,"ESP32-S3-METRO",25,"Celsius"
1219,"ESP32-S3-METRO",25,"Celsius"
1218,"ESP32-S3-METRO",25,"Celsius"
1217,"ESP32-S3-METRO",25,"Celsius"
1216,"ESP32-S3-METRO",25,"Celsius"
1215,"ESP32-S3-METRO",25,"Celsius"
1214,"ESP32-S3-METRO",25,"Celsius"
1213,"ESP32-S3-METRO",25,"Celsius"
1212,"ESP32-S3-METRO",25,"Celsius"
1211,"ESP32-S3-METRO",25,"Celsius"
1210,"ESP32-S3-METRO",25,"Celsius"
1209,"ESP32-S3-METRO",25,"Celsius"
1208,"ESP32-S3-METRO",25,"Celsius"
1207,"ESP32-S3-METRO",25,"Celsius"
1206,"ESP32-S3-METRO",25,"Celsius"
1205,"ESP32-S3-METRO",25,"Celsius"
1204,"ESP32-S3-METRO",25,"Celsius"
1203,"ESP32-S3-METRO",25,"Celsius"
1202,"ESP32-S3-METRO",25,"Celsius"
1201,"ESP32-S3-METRO",25,"Celsius"
1200,"ESP32-S3-METRO",25,"Celsius"
1199,"ESP32-S3-METRO",25,"Celsius"
1198,"ESP32-S3-METRO",25,"Celsius"
1197,"ESP32-S3-METRO",25,"Celsius"
1196,"ESP32-S3-METRO",25,"Celsius"
1195,"ESP32-S3-METRO",25,"Celsius"
1194,"ESP32-S3-METRO",25,"Celsius"
1193,"ESP32-S3-METRO",25,"Celsius"
1192,"ESP32-S3-METRO",25,"Celsius"
1191,"ESP32-S3-METRO",25,"Celsius"
1190,"ESP32-S3-METRO",25,"Celsius"
1189,"ESP32-S3-METRO",25,"Celsius"
1188,"ESP32-S3-METRO",25,"Celsius"
1187,"ESP32-S3-METRO",25,"Celsius"
1186,"ESP32-S3-METRO",25,"Celsius"
1185,"ESP32-S3-METRO",25,"Celsius"
1184,"ESP32-S3-METRO",25,"Celsius"
1183,"ESP32-S3-METRO",25,"Celsius"
1182,"ESP32-S3-METRO",25,"Celsius"
1181,"ESP32-S3-METRO",25,"Celsius"
1180,"ESP32-S3-METRO",25,"Celsius"
1179,"ESP32-S3-METRO",25,"Celsius"
1178,"ESP32-S3-METRO",25,"Celsius"
1177,"ESP32-S3-METRO",25,"Celsius"
1176,"ESP32-S3-METRO",25,"Celsius"
1175,"ESP32-S3-METRO",25,"Celsius"
1174,"ESP32-S3-METRO",25,"Celsius"
1173,"ESP32-S3-METRO",25,"Celsius"
1172,"ESP32-S3-METRO",25,"Celsius"
1171,"ESP32-S3-METRO",25,"Celsius"
1170,"ESP32-S3-METRO",25,"Celsius"
1169,"ESP32-S3-METRO",25,"Celsius"
1168,"ESP32-S3-METRO",25,"Celsius"
1167,"ESP32-S3-METRO",25,"Celsius"
1166,"ESP32-S3-METRO",25,"Celsius"
1165,"ESP32-S3-METRO",25,"Celsius"
1164,"ESP32-S3-METRO",25,"Celsius"
1163,"ESP32-S3-METRO",25,"Celsius"
1162,"ESP32-S3-METRO",25,"Celsius"
1161,"ESP32-S3-METRO",25,"Celsius"
1160,"ESP32-S3-METRO",25,"Celsius"
1159,"ESP32-S3-METRO",25,"Celsius"
1158,"ESP32-S3-METRO",25,"Celsius"
1157,"ESP32-S3-METRO",25,"Celsius"
1156,"ESP32-S3-METRO",25,"Celsius"
1155,"ESP32-S3-METRO",25,"Celsius"
1154,"ESP32-S3-METRO",25,"Celsius"
1153,"ESP32-S3-METRO",25,"Celsius"
1152,"ESP32-S3-METRO",25,"Celsius"
1151,"ESP32-S3-METRO",25,"Celsius"
1150,"ESP32-S3-METRO",25,"Celsius"
1149,"ESP32-S3-METRO",25,"Celsius"
1148,"ESP32-S3-METRO",25,"Celsius"
1147,"ESP32-S3-METRO",25,"Celsius"
1146,"ESP32-S3-METRO",25,"Celsius"
1145,"ESP32-S3-METRO",25,"Celsius"
1144,"ESP32-S3-METRO",25,"Celsius"
1143,"ESP32-S3-METRO",25,"Celsius"
1142,"ESP32-S3-METRO",25,"Celsius"
1141,"ESP32-S3-METRO",25,"Celsius"
1140,"ESP32-S3-METRO",25,"Celsius"
1139,"ESP32-S3-METRO",25,"Celsius"
1138,"ESP32-S3-METRO",25,"Celsius"
1137,"ESP32-S3-METRO",25,"Celsius"
1136,"ESP32-S3-METRO",25,"Celsius"
1135,"ESP32-S3-METRO",25,"Celsius"
1134,"ESP32-S3-METRO",25,"Celsius"
1133,"ESP32-S3-METRO",25,"Celsius"
1132,"ESP32-S3-METRO",25,"Celsius"
1131,"ESP32-S3-METRO",25,"Celsius"
1130,"ESP32-S3-METRO",25,"Celsius"
1129,"ESP32-S3-METRO",25,"Celsius"
1128,"ESP32-S3-METRO",25,"Celsius"
1127,"ESP32-S3-METRO",25,"Celsius"
1126,"ESP32-S3-METRO",25,"Celsius"
1125,"ESP32-S3-METRO",25,"Celsius"
1124,"ESP32-S3-METRO",25,"Celsius"
1123,"ESP32-S3-METRO",25,"Celsius"
1122,"ESP32-S3-METRO",25,"Celsius"
1121,"ESP32-S3-METRO",25,"Celsius"
1120,"ESP32-S3-METRO",25,"Celsius"
1119,"ESP32-S3-METRO",25,"Celsius"
1118,"ESP32-S3-METRO",25,"Celsius"
1117,"ESP32-S3-METRO",25,"Celsius"
1116,"ESP32-S3-METRO",25,"Celsius"
1115,"ESP32-S3-METRO",25,"Celsius"
1114,"ESP32-S3-METRO",25,"Celsius"
1113,"ESP32-S3-METRO",25,"Celsius"
1112,"ESP32-S3-METRO",25,"Celsius"
1111,"ESP32-S3-METRO",25,"Celsius"
1110,"ESP32-S3-METRO",25,"Celsius"
1109,"ESP32-S3-METRO",25,"Celsius"
1108,"ESP32-S3-METRO",25,"Celsius"
1107,"ESP32-S3-METRO",25,"Celsius"
1106,"ESP32-S3-METRO",25,"Celsius"
1105,"ESP32-S3-METRO",25,"Celsius"
1104,"ESP32-S3-METRO",25,"Celsius"
1103,"ESP32-S3-METRO",25,"Celsius"
1102,"ESP32-S3-METRO",25,"Celsius"
1101,"ESP32-S3-METRO",25,"Celsius"
1100,"ESP32-S3-METRO",25,"Celsius"
1099,"ESP32-S3-METRO",25,"Celsius"
1098,"ESP32-S3-METRO",25,"Celsius"
1097,"ESP32-S3-METRO",25,"Celsius"
1096,"ESP32-S3-METRO",25,"Celsius"
1095,"ESP32-S3-METRO",25,"Celsius"
1094,"ESP32-S3-METRO",25,"Celsius"
1093,"ESP32-S3-METRO",25,"Celsius"
1092,"ESP32-S3-METRO",25,"Celsius"
1091,"ESP32-S3-METRO",25,"Celsius"
1090,"ESP32-S3-METRO",25,"Celsius"
1089,"ESP32-S3-METRO",25,"Celsius"
1088,"ESP32-S3-METRO",25,"Celsius"
1087,"ESP32-S3-METRO",25,"Celsius"
1086,"ESP32-S3-METRO",25,"Celsius"
1085,"ESP32-S3-METRO",25,"Celsius"
1084,"ESP32-S3-METRO",25,"Celsius"
1083,"ESP32-S3-METRO",25,"Celsius"
1082,"ESP32-S3-METRO",25,"Celsius"
1081,"ESP32-S3-METRO",25,"Celsius"
1080,"ESP32-S3-METRO",25,"Celsius"
1079,"ESP32-S3-METRO",25,"Celsius"
1078,"ESP32-S3-METRO",25,"Celsius"
1077,"ESP32-S3-METRO",25,"Celsius"
1076,"ESP32-S3-METRO",25,"Celsius"
1075,"ESP32-S3-METRO",25,"Celsius"
1074,"ESP32-S3-METRO",25,"Celsius"
1073,"ESP32-S3-METRO",25,"Celsius"
1072,"ESP32-S3-METRO",25,"Celsius"
1071,"ESP32-S3-METRO",25,"Celsius"
1070,"ESP32-S3-METRO",25,"Celsius"
1069,"ESP32-S3-METRO",25,"Celsius"
1068,"ESP32-S3-METRO",25,"Celsius"
1067,"ESP32-S3-METRO",25,"Celsius"
1066,"ESP32-S3-METRO",25,"Celsius"
1065,"ESP32-S3-METRO",25,"Celsius"
1064,"ESP32-S3-METRO",25,"Celsius"
1063,"ESP32-S3-METRO",25,"Celsius"
1062,"ESP32-S3-METRO",25,"Celsius"
1061,"ESP32-S3-METRO",25,"Celsius"
1060,"ESP32-S3-METRO",25,"Celsius"
1059,"ESP32-S3-METRO",25,"Celsius"
1058,"ESP32-S3-METRO",25,"Celsius"
1057,"ESP32-S3-METRO",25,"Celsius"
1056,"ESP32-S3-METRO",25,"Celsius"
1055,"ESP32-S3-METRO",25,"Celsius"
1054,"ESP32-S3-METRO",25,"Celsius"
1053,"ESP32-S3-METRO",25,"Celsius"
1052,"ESP32-S3-METRO",25,"Celsius"
1051,"ESP32-S3-METRO",25,"Celsius"
1050,"ESP32-S3-METRO",25,"Celsius"
1049,"ESP32-S3-METRO",25,"Celsius"
1048,"ESP32-S3-METRO",25,"Celsius"
1047,"ESP32-S3-METRO",25,"Celsius"
1046,"ESP32-S3-METRO",25,"Celsius"
1045,"ESP32-S3-METRO",25,"Celsius"
1044,"ESP32-S3-METRO",25,"Celsius"
1043,"ESP32-S3-METRO",25,"Celsius"
1042,"ESP32-S3-METRO",25,"Celsius"
1041,"ESP32-S3-METRO",25,"Celsius"
1040,"ESP32-S3-METRO",25,"Celsius"
1039,"ESP32-S3-METRO",25,"Celsius"
1038,"ESP32-S3-METRO",25,"Celsius"
1037,"ESP32-S3-METRO",25,"Celsius"
1036,"ESP32-S3-METRO",25,"Celsius"
1035,"ESP32-S3-METRO",25,"Celsius"
1034,"ESP32-S3-METRO",25,"Celsius"
1033,"ESP32-S3-METRO",25,"Celsius"
1032,"ESP32-S3-METRO",25,"Celsius"
1031,"ESP32-S3-METRO",25,"Celsius"
1030,"ESP32-S3-METRO",25,"Celsius"
1029,"ESP32-S3-METRO",25,"Celsius"
1028,"ESP32-S3-METRO",25,"Celsius"
1027,"ESP32-S3-METRO",25,"Celsius"
1026,"ESP32-S3-METRO",25,"Celsius"
1025,"ESP32-S3-METRO",25,"Celsius"
1024,"ESP32-S3-METRO",25,"Celsius"
1023,"ESP32-S3-METRO",25,"Celsius"
1022,"ESP32-S3-METRO",25,"Celsius"
1021,"ESP32-S3-METRO",25,"Celsius"
1020,"ESP32-S3-METRO",25,"Celsius"
1019,"ESP32-S3-METRO",25,"Celsius"
1018,"ESP32-S3-METRO",25,"Celsius"
1017,"ESP32-S3-METRO",25,"Celsius"
1016,"ESP32-S3-METRO",25,"Celsius"
1015,"ESP32-S3-METRO",25,"Celsius"
1014,"ESP32-S3-METRO",25,"Celsius"
1013,"ESP32-S3-METRO",25,"Celsius"
1012,"ESP32-S3-METRO",25,"Celsius"
1011,"ESP32-S3-METRO",25,"Celsius"
1010,"ESP32-S3-METRO",25,"Celsius"
1009,"ESP32-S3-METRO",25,"Celsius"
1008,"ESP32-S3-METRO",25,"Celsius"
1007,"ESP32-S3-METRO",25,"Celsius"
1006,"ESP32-S3-METRO",25,"Celsius"
1005,"ESP32-S3-METRO",25,"Celsius"
1004,"ESP32-S3-METRO",25,"Celsius"
1003,"ESP32-S3-METRO",25,"Celsius"
1002,"ESP32-S3-METRO",25,"Celsius"
1001,"ESP32-S3-METRO",25,"Celsius"
1000,"ESP32-S3-METRO",25,"Celsius"
999,"ESP32-S3-METRO",25,"Celsius"
998,"ESP32-S3-METRO",25,"Celsius"
997,"ESP32-S3-METRO",25,"Celsius"
996,"ESP32-S3-METRO",25,"Celsius"
995,"ESP32-S3-METRO",25,"Celsius"
994,"ESP32-S3-METRO",25,"Celsius"
993,"ESP32-S3-METRO",25,"Celsius"
992,"ESP32-S3-METRO",25,"Celsius"
991,"ESP32-S3-METRO",25,"Celsius"
990,"ESP32-S3-METRO",25,"Celsius"
989,"ESP32-S3-METRO",25,"Celsius"
988,"ESP32-S3-METRO",25,"Celsius"
987,"ESP32-S3-METRO",25,"Celsius"
986,"ESP32-S3-METRO",25,"Celsius"
985,"ESP32-S3-METRO",25,"Celsius"
984,"ESP32-S3-METRO",25,"Celsius"
983,"ESP32-S3-METRO",25,"Celsius"
982,"ESP32-S3-METRO",25,"Celsius"
981,"ESP32-S3-METRO",25,"Celsius"
980,"ESP32-S3-METRO",25,"Celsius"
979,"ESP32-S3-METRO",25,"Celsius"
978,"ESP32-S3-METRO",25,"Celsius"
977,"ESP32-S3-METRO",25,"Celsius"
976,"ESP32-S3-METRO",25,"Celsius"
975,"ESP32-S3-METRO",25,"Celsius"
974,"ESP32-S3-METRO",25,"Celsius"
973,"ESP32-S3-METRO",25,"Celsius"
972,"ESP32-S3-METRO",25,"Celsius"
971,"ESP32-S3-METRO",25,"Celsius"
970,"ESP32-S3-METRO",25,"Celsius"
969,"ESP32-S3-METRO",25,"Celsius"
968,"ESP32-S3-METRO",25,"Celsius"
967,"ESP32-S3-METRO",25,"Celsius"
966,"ESP32-S3-METRO",25,"Celsius"
965,"ESP32-S3-METRO",25,"Celsius"
964,"ESP32-S3-METRO",25,"Celsius"
963,"ESP32-S3-METRO",25,"Celsius"
962,"ESP32-S3-METRO",25,"Celsius"
961,"ESP32-S3-METRO",25,"Celsius"
960,"ESP32-S3-METRO",25,"Celsius"
959,"ESP32-S3-METRO",25,"Celsius"
958,"ESP32-S3-METRO",25,"Celsius"
957,"ESP32-S3-METRO",25,"Celsius"
956,"ESP32-S3-METRO",25,"Celsius"
955,"ESP32-S3-METRO",25,"Celsius"
954,"ESP32-S3-METRO",25,"Celsius"
953,"ESP32-S3-METRO",25,"Celsius"
952,"ESP32-S3-METRO",25,"Celsius"
951,"ESP32-S3-METRO",25,"Celsius"
950,"ESP32-S3-METRO",25,"Celsius"
949,"ESP32-S3-METRO",25,"Celsius"
948,"ESP32-S3-METRO",25,"Celsius"
947,"ESP32-S3-METRO",25,"Celsius"
946,"ESP32-S3-METRO",25,"Celsius"
945,"ESP32-S3-METRO",25,"Celsius"
944,"ESP32-S3-METRO",25,"Celsius"
943,"ESP32-S3-METRO",25,"Celsius"
942,"ESP32-S3-METRO",25,"Celsius"
941,"ESP32-S3-METRO",25,"Celsius"
940,"ESP32-S3-METRO",25,"Celsius"
939,"ESP32-S3-METRO",25,"Celsius"
938,"ESP32-S3-METRO",25,"Celsius"
937,"ESP32-S3-METRO",25,"Celsius"
936,"ESP32-S3-METRO",25,"Celsius"
935,"ESP32-S3-METRO",25,"Celsius"
934,"ESP32-S3-METRO",25,"Celsius"
933,"ESP32-S3-METRO",25,"Celsius"
932,"ESP32-S3-METRO",25,"Celsius"
931,"ESP32-S3-METRO",25,"Celsius"
930,"ESP32-S3-METRO",25,"Celsius"
929,"ESP32-S3-METRO",25,"Celsius"
928,"ESP32-S3-METRO",25,"Celsius"
927,"ESP32-S3-METRO",25,"Celsius"
926,"ESP32-S3-METRO",25,"Celsius"
925,"ESP32-S3-METRO",25,"Celsius"
924,"ESP32-S3-METRO",25,"Celsius"
923,"ESP32-S3-METRO",25,"Celsius"
922,"ESP32-S3-METRO",25,"Celsius"
921,"ESP32-S3-METRO",25,"Celsius"
920,"ESP32-S3-METRO",25,"Celsius"
919,"ESP32-S3-METRO",25,"Celsius"
918,"ESP32-S3-METRO",25,"Celsius"
917,"ESP32-S3-METRO",25,"Celsius"
916,"ESP32-S3-METRO",25,"Celsius"
915,"ESP32-S3-METRO",25,"Celsius"
914,"ESP32-S3-METRO",25,"Celsius"
913,"ESP32-S3-METRO",25,"Celsius"
912,"ESP32-S3-METRO",25,"Celsius"
911,"ESP32-S3-METRO",25,"Celsius"
910,"ESP32-S3-METRO",25,"Celsius"
909,"ESP32-S3-METRO",25,"Celsius"
908,"ESP32-S3-METRO",25,"Celsius"
907,"ESP32-S3-METRO",25,"Celsius"
906,"ESP32-S3-METRO",25,"Celsius"
905,"ESP32-S3-METRO",25,"Celsius"
904,"ESP32-S3-METRO",25,"Celsius"
903,"ESP32-S3-METRO",25,"Celsius"
902,"ESP32-S3-METRO",25,"Celsius"
901,"ESP32-S3-METRO",25,"Celsius"
900,"ESP32-S3-METRO",25,"Celsius"
899,"ESP32-S3-METRO",25,"Celsius"
898,"ESP32-S3-METRO",25,"Celsius"
897,"ESP32-S3-METRO",25,"Celsius"
896,"ESP32-S3-METRO",25,"Celsius"
895,"ESP32-S3-METRO",25,"Celsius"
894,"ESP32-S3-METRO",25,"Celsius"
893,"ESP32-S3-METRO",25,"Celsius"
892,"ESP32-S3-METRO",25,"Celsius"
891,"ESP32-S3-METRO",25,"Celsius"
890,"ESP32-S3-METRO",25,"Celsius"
889,"ESP32-S3-METRO",25,"Celsius"
888,"ESP32-S3-METRO",25,"Celsius"
887,"ESP32-S3-METRO",25,"Celsius"
886,"ESP32-S3-METRO",25,"Celsius"
885,"ESP32-S3-METRO",25,"Celsius"
884,"ESP32-S3-METRO",25,"Celsius"
883,"ESP32-S3-METRO",25,"Celsius"
882,"ESP32-S3-METRO",25,"Celsius"
881,"ESP32-S3-METRO",25,"Celsius"
880,"ESP32-S3-METRO",25,"Celsius"
879,"ESP32-S3-METRO",25,"Celsius"
878,"ESP32-S3-METRO",25,"Celsius"
877,"ESP32-S3-METRO",25,"Celsius"
876,"ESP32-S3-METRO",25,"Celsius"
875,"ESP32-S3-METRO",25,"Celsius"
874,"ESP32-S3-METRO",25,"Celsius"
873,"ESP32-S3-METRO",25,"Celsius"
872,"ESP32-S3-METRO",25,"Celsius"
871,"ESP32-S3-METRO",25,"Celsius"
870,"ESP32-S3-METRO",25,"Celsius"
869,"ESP32-S3-METRO",25,"Celsius"
868,"ESP32-S3-METRO",25,"Celsius"
867,"ESP32-S3-METRO",25,"Celsius"
866,"ESP32-S3-METRO",25,"Celsius"
865,"ESP32-S3-METRO",25,"Celsius"
864,"ESP32-S3-METRO",25,"Celsius"
863,"ESP32-S3-METRO",25,"Celsius"
862,"ESP32-S3-METRO",25,"Celsius"
861,"ESP32-S3-METRO",25,"Celsius"
860,"ESP32-S3-METRO",25,"Celsius"
859,"ESP32-S3-METRO",25,"Celsius"
858,"ESP32-S3-METRO",25,"Celsius"
857,"ESP32-S3-METRO",25,"Celsius"
856,"ESP32-S3-METRO",25,"Celsius"
855,"ESP32-S3-METRO",25,"Celsius"
854,"ESP32-S3-METRO",25,"Celsius"
853,"ESP32-S3-METRO",25,"Celsius"
852,"ESP32-S3-METRO",25,"Celsius"
851,"ESP32-S3-METRO",25,"Celsius"
850,"ESP32-S3-METRO",25,"Celsius"
849,"ESP32-S3-METRO",25,"Celsius"
848,"ESP32-S3-METRO",25,"Celsius"
847,"ESP32-S3-METRO",25,"Celsius"
846,"ESP32-S3-METRO",25,"Celsius"
845,"ESP32-S3-METRO",25,"Celsius"
844,"ESP32-S3-METRO",25,"Celsius"
843,"ESP32-S3-METRO",25,"Celsius"
842,"ESP32-S3-METRO",25,"Celsius"
841,"ESP32-S3-METRO",25,"Celsius"
840,"ESP32-S3-METRO",25,"Celsius"
839,"ESP32-S3-METRO",25,"Celsius"
838,"ESP32-S3-METRO",25,"Celsius"
837,"ESP32-S3-METRO",25,"Celsius"
836,"ESP32-S3-METRO",25,"Celsius"
835,"ESP32-S3-METRO",25,"Celsius"
834,"ESP32-S3-METRO",25,"Celsius"
833,"ESP32-S3-METRO",25,"Celsius"
832,"ESP32-S3-METRO",25,"Celsius"
831,"ESP32-S3-METRO",25,"Celsius"
830,"ESP32-S3-METRO",25,"Celsius"
829,"ESP32-S3-METRO",25,"Celsius"
828,"ESP32-S3-METRO",25,"Celsius"
827,"ESP32-S3-METRO",25,"Celsius"
826,"ESP32-S3-METRO",25,"Celsius"
825,"ESP32-S3-METRO",25,"Celsius"
824,"ESP32-S3-METRO",25,"Celsius"
823,"ESP32-S3-METRO",25,"Celsius"
822,"ESP32-S3-METRO",25,"Celsius"
821,"ESP32-S3-METRO",25,"Celsius"
820,"ESP32-S3-METRO",25,"Celsius"
819,"ESP32-S3-METRO",25,"Celsius"
818,"ESP32-S3-METRO",25,"Celsius"
817,"ESP32-S3-METRO",25,"Celsius"
816,"ESP32-S3-METRO",25,"Celsius"
815,"ESP32-S3-METRO",25,"Celsius"
814,"ESP32-S3-METRO",25,"Celsius"
813,"ESP32-S3-METRO",25,"Celsius"
812,"ESP32-S3-METRO",25,"Celsius"
811,"ESP32-S3-METRO",25,"Celsius"
810,"ESP32-S3-METRO",25,"Celsius"
809,"ESP32-S3-METRO",25,"Celsius"
808,"ESP32-S3-METRO",25,"Celsius"
807,"ESP32-S3-METRO",25,"Celsius"
806,"ESP32-S3-METRO",25,"Celsius"
805,"ESP32-S3-METRO",25,"Celsius"
804,"ESP32-S3-METRO",25,"Celsius"
803,"ESP32-S3-METRO",25,"Celsius"
802,"ESP32-S3-METRO",25,"Celsius"
801,"ESP32-S3-METRO",25,"Celsius"
800,"ESP32-S3-METRO",25,"Celsius"
799,"ESP32-S3-METRO",25,"Celsius"
798,"ESP32-S3-METRO",25,"Celsius"
797,"ESP32-S3-METRO",25,"Celsius"
796,"ESP32-S3-METRO",25,"Celsius"
795,"ESP32-S3-METRO",25,"Celsius"
794,"ESP32-S3-METRO",25,"Celsius"
793,"ESP32-S3-METRO",25,"Celsius"
792,"ESP32-S3-METRO",25,"Celsius"
791,"ESP32-S3-METRO",25,"Celsius"
790,"ESP32-S3-METRO",25,"Celsius"
789,"ESP32-S3-METRO",25,"Celsius"
788,"ESP32-S3-METRO",25,"Celsius"
787,"ESP32-S3-METRO",25,"Celsius"
786,"ESP32-S3-METRO",25,"Celsius"
785,"ESP32-S3-METRO",25,"Celsius"
784,"ESP32-S3-METRO",25,"Celsius"
783,"ESP32-S3-METRO",25,"Celsius"
782,"ESP32-S3-METRO",25,"Celsius"
781,"ESP32-S3-METRO",25,"Celsius"
780,"ESP32-S3-METRO",25,"Celsius"
779,"ESP32-S3-METRO",25,"Celsius"
778,"ESP32-S3-METRO",25,"Celsius"
777,"ESP32-S3-METRO",25,"Celsius"
776,"ESP32-S3-METRO",25,"Celsius"
775,"ESP32-S3-METRO",25,"Celsius"
774,"ESP32-S3-METRO",25,"Celsius"
773,"ESP32-S3-METRO",25,"Celsius"
772,"ESP32-S3-METRO",25,"Celsius"
771,"ESP32-S3-METRO",25,"Celsius"
770,"ESP32-S3-METRO",25,"Celsius"
769,"ESP32-S3-METRO",25,"Celsius"
768,"ESP32-S3-METRO",25,"Celsius"
767,"ESP32-S3-METRO",25,"Celsius"
766,"ESP32-S3-METRO",25,"Celsius"
765,"ESP32-S3-METRO",25,"Celsius"
764,"ESP32-S3-METRO",25,"Celsius"
763,"ESP32-S3-METRO",25,"Celsius"
762,"ESP32-S3-METRO",25,"Celsius"
761,"ESP32-S3-METRO",25,"Celsius"
760,"ESP32-S3-METRO",25,"Celsius"
759,"ESP32-S3-METRO",25,"Celsius"
758,"ESP32-S3-METRO",25,"Celsius"
757,"ESP32-S3-METRO",25,"Celsius"
756,"ESP32-S3-METRO",25,"Celsius"
755,"ESP32-S3-METRO",25,"Celsius"
754,"ESP32-S3-METRO",25,"Celsius"
753,"ESP32-S3-METRO",25,"Celsius"
752,"ESP32-S3-METRO",25,"Celsius"
751,"ESP32-S3-METRO",25,"Celsius"
750,"ESP32-S3-METRO",25,"Celsius"
749,"ESP32-S3-METRO",25,"Celsius"
748,"ESP32-S3-METRO",25,"Celsius"
747,"ESP32-S3-METRO",25,"Celsius"
746,"ESP32-S3-METRO",25,"Celsius"
745,"ESP32-S3-METRO",25,"Celsius"
744,"ESP32-S3-METRO",25,"Celsius"
743,"ESP32-S3-METRO",25,"Celsius"
742,"ESP32-S3-METRO",25,"Celsius"
741,"ESP32-S3-METRO",25,"Celsius"
740,"ESP32-S3-METRO",25,"Celsius"
739,"ESP32-S3-METRO",25,"Celsius"
738,"ESP32-S3-METRO",25,"Celsius"
737,"ESP32-S3-METRO",25,"Celsius"
736,"ESP32-S3-METRO",25,"Celsius"
735,"ESP32-S3-METRO",25,"Celsius"
734,"ESP32-S3-METRO",25,"Celsius"
733,"ESP32-S3-METRO",25,"Celsius"
732,"ESP32-S3-METRO",25,"Celsius"
731,"ESP32-S3-METRO",25,"Celsius"
730,"ESP32-S3-METRO",25,"Celsius"
729,"ESP32-S3-METRO",25,"Celsius"
728,"ESP32-S3-METRO",25,"Celsius"
727,"ESP32-S3-METRO",25,"Celsius"
726,"ESP32-S3-METRO",25,"Celsius"
725,"ESP32-S3-METRO",25,"Celsius"
724,"ESP32-S3-METRO",25,"Celsius"
723,"ESP32-S3-METRO",25,"Celsius"
722,"ESP32-S3-METRO",25,"Celsius"
721,"ESP32-S3-METRO",25,"Celsius"
720,"ESP32-S3-METRO",25,"Celsius"
719,"ESP32-S3-METRO",25,"Celsius"
718,"ESP32-S3-METRO",25,"Celsius"
717,"ESP32-S3-METRO",25,"Celsius"
716,"ESP32-S3-METRO",25,"Celsius"
715,"ESP32-S3-METRO",25,"Celsius"
714,"ESP32-S3-METRO",25,"Celsius"
713,"ESP32-S3-METRO",25,"Celsius"
712,"ESP32-S3-METRO",25,"Celsius"
711,"ESP32-S3-METRO",25,"Celsius"
710,"ESP32-S3-METRO",25,"Celsius"
709,"ESP32-S3-METRO",25,"Celsius"
708,"ESP32-S3-METRO",25,"Celsius"
707,"ESP32-S3-METRO",25,"Celsius"
706,"ESP32-S3-METRO",25,"Celsius"
705,"ESP32-S3-METRO",25,"Celsius"
704,"ESP32-S3-METRO",25,"Celsius"
703,"ESP32-S3-METRO",25,"Celsius"
702,"ESP32-S3-METRO",25,"Celsius"
701,"ESP32-S3-METRO",25,"Celsius"
700,"ESP32-S3-METRO",25,"Celsius"
699,"ESP32-S3-METRO",25,"Celsius"
698,"ESP32-S3-METRO",25,"Celsius"
697,"ESP32-S3-METRO",25,"Celsius"
696,"ESP32-S3-METRO",25,"Celsius"
695,"ESP32-S3-METRO",25,"Celsius"
694,"ESP32-S3-METRO",25,"Celsius"
693,"ESP32-S3-METRO",25,"Celsius"
692,"ESP32-S3-METRO",25,"Celsius"
691,"ESP32-S3-METRO",25,"Celsius"
690,"ESP32-S3-METRO",25,"Celsius"
689,"ESP32-S3-METRO",25,"Celsius"
688,"ESP32-S3-METRO",25,"Celsius"
687,"ESP32-S3-METRO",25,"Celsius"
686,"ESP32-S3-METRO",25,"Celsius"
685,"ESP32-S3-METRO",25,"Celsius"
684,"ESP32-S3-METRO",25,"Celsius"
683,"ESP32-S3-METRO",25,"Celsius"
682,"ESP32-S3-METRO",25,"Celsius"
681,"ESP32-S3-METRO",25,"Celsius"
680,"ESP32-S3-METRO",25,"Celsius"
679,"ESP32-S3-METRO",25,"Celsius"
678,"ESP32-S3-METRO",25,"Celsius"
677,"ESP32-S3-METRO",25,"Celsius"
676,"ESP32-S3-METRO",25,"Celsius"
675,"ESP32-S3-METRO",25,"Celsius"
674,"ESP32-S3-METRO",25,"Celsius"
673,"ESP32-S3-METRO",25,"Celsius"
672,"ESP32-S3-METRO",25,"Celsius"
671,"ESP32-S3-METRO",25,"Celsius"
670,"ESP32-S3-METRO",25,"Celsius"
669,"ESP32-S3-METRO",25,"Celsius"
668,"ESP32-S3-METRO",25,"Celsius"
667,"ESP32-S3-METRO",25,"Celsius"
666,"ESP32-S3-METRO",25,"Celsius"
665,"ESP32-S3-METRO",25,"Celsius"
664,"ESP32-S3-METRO",25,"Celsius"
663,"ESP32-S3-METRO",25,"Celsius"
662,"ESP32-S3-METRO",25,"Celsius"
661,"ESP32-S3-METRO",25,"Celsius"
660,"ESP32-S3-METRO",25,"Celsius"
659,"ESP32-S3-METRO",25,"Celsius"
658,"ESP32-S3-METRO",25,"Celsius"
657,"ESP32-S3-METRO",25,"Celsius"
656,"ESP32-S3-METRO",25,"Celsius"
655,"ESP32-S3-METRO",25,"Celsius"
654,"ESP32-S3-METRO",25,"Celsius"
653,"ESP32-S3-METRO",25,"Celsius"
652,"ESP32-S3-METRO",25,"Celsius"
651,"ESP32-S3-METRO",25,"Celsius"
650,"ESP32-S3-METRO",25,"Celsius"
649,"ESP32-S3-METRO",25,"Celsius"
648,"ESP32-S3-METRO",25,"Celsius"
647,"ESP32-S3-METRO",25,"Celsius"
646,"ESP32-S3-METRO",25,"Celsius"
645,"ESP32-S3-METRO",25,"Celsius"
644,"ESP32-S3-METRO",25,"Celsius"
643,"ESP32-S3-METRO",25,"Celsius"
642,"ESP32-S3-METRO",25,"Celsius"
641,"ESP32-S3-METRO",25,"Celsius"
640,"ESP32-S3-METRO",25,"Celsius"
639,"ESP32-S3-METRO",25,"Celsius"
638,"ESP32-S3-METRO",25,"Celsius"
637,"ESP32-S3-METRO",25,"Celsius"
636,"ESP32-S3-METRO",25,"Celsius"
635,"ESP32-S3-METRO",25,"Celsius"
634,"ESP32-S3-METRO",25,"Celsius"
633,"ESP32-S3-METRO",25,"Celsius"
632,"ESP32-S3-METRO",25,"Celsius"
631,"ESP32-S3-METRO",25,"Celsius"
630,"ESP32-S3-METRO",25,"Celsius"
629,"ESP32-S3-METRO",25,"Celsius"
628,"ESP32-S3-METRO",25,"Celsius"
627,"ESP32-S3-METRO",25,"Celsius"
626,"ESP32-S3-METRO",25,"Celsius"
625,"ESP32-S3-METRO",25,"Celsius"
624,"ESP32-S3-METRO",25,"Celsius"
623,"ESP32-S3-METRO",25,"Celsius"
622,"ESP32-S3-METRO",25,"Celsius"
621,"ESP32-S3-METRO",25,"Celsius"
620,"ESP32-S3-METRO",25,"Celsius"
619,"ESP32-S3-METRO",25,"Celsius"
618,"ESP32-S3-METRO",25,"Celsius"
617,"ESP32-S3-METRO",25,"Celsius"
616,"ESP32-S3-METRO",25,"Celsius"
615,"ESP32-S3-METRO",25,"Celsius"
614,"ESP32-S3-METRO",25,"Celsius"
613,"ESP32-S3-METRO",25,"Celsius"
612,"ESP32-S3-METRO",25,"Celsius"
611,"ESP32-S3-METRO",25,"Celsius"
610,"ESP32-S3-METRO",25,"Celsius"
609,"ESP32-S3-METRO",25,"Celsius"
608,"ESP32-S3-METRO",25,"Celsius"
607,"ESP32-S3-METRO",25,"Celsius"
606,"ESP32-S3-METRO",25,"Celsius"
605,"ESP32-S3-METRO",25,"Celsius"
604,"ESP32-S3-METRO",25,"Celsius"
603,"ESP32-S3-METRO",25,"Celsius"
602,"ESP32-S3-METRO",25,"Celsius"
601,"ESP32-S3-METRO",25,"Celsius"
600,"ESP32-S3-METRO",25,"Celsius"
599,"ESP32-S3-METRO",25,"Celsius"
598,"ESP32-S3-METRO",25,"Celsius"
597,"ESP32-S3-METRO",25,"Celsius"
596,"ESP32-S3-METRO",25,"Celsius"
595,"ESP32-S3-METRO",25,"Celsius"
594,"ESP32-S3-METRO",25,"Celsius"
593,"ESP32-S3-METRO",25,"Celsius"
592,"ESP32-S3-METRO",25,"Celsius"
591,"ESP32-S3-METRO",25,"Celsius"
590,"ESP32-S3-METRO",25,"Celsius"
589,"ESP32-S3-METRO",25,"Celsius"
588,"ESP32-S3-METRO",25,"Celsius"
587,"ESP32-S3-METRO",25,"Celsius"
586,"ESP32-S3-METRO",25,"Celsius"
585,"ESP32-S3-METRO",25,"Celsius"
584,"ESP32-S3-METRO",25,"Celsius"
583,"ESP32-S3-METRO",25,"Celsius"
582,"ESP32-S3-METRO",25,"Celsius"
581,"ESP32-S3-METRO",25,"Celsius"
580,"ESP32-S3-METRO",25,"Celsius"
579,"ESP32-S3-METRO",25,"Celsius"
578,"ESP32-S3-METRO",25,"Celsius"
577,"ESP32-S3-METRO",25,"Celsius"
576,"ESP32-S3-METRO",25,"Celsius"
575,"ESP32-S3-METRO",25,"Celsius"
574,"ESP32-S3-METRO",25,"Celsius"
573,"ESP32-S3-METRO",25,"Celsius"
572,"ESP32-S3-METRO",25,"Celsius"
571,"ESP32-S3-METRO",25,"Celsius"
570,"ESP32-S3-METRO",25,"Celsius"
569,"ESP32-S3-METRO",25,"Celsius"
568,"ESP32-S3-METRO",25,"Celsius"
567,"ESP32-S3-METRO",25,"Celsius"
566,"ESP32-S3-METRO",25,"Celsius"
565,"ESP32-S3-METRO",25,"Celsius"
564,"ESP32-S3-METRO",25,"Celsius"
563,"ESP32-S3-METRO",25,"Celsius"
562,"ESP32-S3-METRO",25,"Celsius"
561,"ESP32-S3-METRO",25,"Celsius"
560,"ESP32-S3-METRO",25,"Celsius"
559,"ESP32-S3-METRO",25,"Celsius"
558,"ESP32-S3-METRO",25,"Celsius"
557,"ESP32-S3-METRO",25,"Celsius"
556,"ESP32-S3-METRO",25,"Celsius"
555,"ESP32-S3-METRO",25,"Celsius"
554,"ESP32-S3-METRO",25,"Celsius"
553,"ESP32-S3-METRO",25,"Celsius"
552,"ESP32-S3-METRO",25,"Celsius"
551,"ESP32-S3-METRO",25,"Celsius"
550,"ESP32-S3-METRO",25,"Celsius"
549,"ESP32-S3-METRO",25,"Celsius"
548,"ESP32-S3-METRO",25,"Celsius"
547,"ESP32-S3-METRO",25,"Celsius"
546,"ESP32-S3-METRO",25,"Celsius"
545,"ESP32-S3-METRO",25,"Celsius"
544,"ESP32-S3-METRO",25,"Celsius"
543,"ESP32-S3-METRO",25,"Celsius"
542,"ESP32-S3-METRO",25,"Celsius"
541,"ESP32-S3-METRO",25,"Celsius"
540,"ESP32-S3-METRO",25,"Celsius"
539,"ESP32-S3-METRO",25,"Celsius"
538,"ESP32-S3-METRO",25,"Celsius"
537,"ESP32-S3-METRO",25,"Celsius"
536,"ESP32-S3-METRO",25,"Celsius"
535,"ESP32-S3-METRO",25,"Celsius"
534,"ESP32-S3-METRO",25,"Celsius"
533,"ESP32-S3-METRO",25,"Celsius"
532,"ESP32-S3-METRO",25,"Celsius"
531,"ESP32-S3-METRO",25,"Celsius"
530,"ESP32-S3-METRO",25,"Celsius"
529,"ESP32-S3-METRO",25,"Celsius"
528,"ESP32-S3-METRO",25,"Celsius"
527,"ESP32-S3-METRO",25,"Celsius"
526,"ESP32-S3-METRO",25,"Celsius"
525,"ESP32-S3-METRO",25,"Celsius"
524,"ESP32-S3-METRO",25,"Celsius"
523,"ESP32-S3-METRO",25,"Celsius"
522,"ESP32-S3-METRO",25,"Celsius"
521,"ESP32-S3-METRO",25,"Celsius"
520,"ESP32-S3-METRO",25,"Celsius"
519,"ESP32-S3-METRO",25,"Celsius"
518,"ESP32-S3-METRO",25,"Celsius"
517,"ESP32-S3-METRO",25,"Celsius"
516,"ESP32-S3-METRO",25,"Celsius"
515,"ESP32-S3-METRO",25,"Celsius"
514,"ESP32-S3-METRO",25,"Celsius"
513,"ESP32-S3-METRO",25,"Celsius"
